First Name: Olivia Last Name: Johnson Username: Livvy_21 Email: olivia.johnson@emailhost.com
First Name: Ethan Last Name: Carter Username: E_Carter99 Email: ethan.carter@example.net
First Name: Sophia Last Name: Davis Username: Soph_Davis Email: sophia.davis@emailprovider.org
First Name: Noah Last Name: Thompson Username: NThomp_45 Email: noah.thompson@example.com
First Name: Ava Last Name: Wilson Username: Ava_Wilson22 Email: ava.wilson@emailservice.net
First Name: Jackson Last Name: Mitchell Username: Jax_Mitch Email: jackson.mitchell@example.com
First Name: Isabella Last Name: Martinez Username: Bella_Mtz Email: isabella.martinez@emailhost.net
First Name: Liam Last Name: Anderson Username: L_Andy Email: liam.anderson@example.org
First Name: Emma Last Name: White Username: SparklingEmma Email: emma.white@emailprovider.com
First Name: Aiden Last Name: Adams Username: AidenA_78 Email: aiden.adams@example.net
First Name: Mia Last Name: Thomas Username: Mia_Tom Email: mia.thomas@emailservice.org
First Name: Lucas Last Name: Parker Username: Lukey_22 Email: lucas.parker@example.com
First Name: Ava Last Name: Turner Username: Ava_Turner Email: ava.turner@emailhost.net
First Name: Liam Last Name: Smith Username: Smithy_L Email: liam.smith@example.org
First Name: Harper Last Name: Davis Username: Harper_D Email: harper.davis@emailprovider.com
First Name: Oliver Last Name: Moore Username: OllieM_33 Email: oliver.moore@example.net
First Name: Amelia Last Name: Wilson Username: Amy_Wil Email: amelia.wilson@emailservice.org
First Name: Noah Last Name: Mitchell Username: N_Mitchell Email: noah.mitchell@example.com
First Name: Sophia Last Name: Adams Username: SophAdams_87 Email: sophia.adams@emailhost.net
First Name: Jackson Last Name: Parker Username: JaxParker_55 Email: jackson.parker@example.org
First Name: Ava Last Name: Garcia Username: Ava_Garcia Email: ava.garcia@example.com
First Name: Ethan Last Name: Turner Username: Ethan_Turner Email: ethan.turner@emailhost.net
First Name: Mia Last Name: Harris Username: Mia_Harris Email: mia.harrisss@example.org
First Name: Liam Last Name: Martinez Username: Liam_Mtz Email: liam.martinez@emailprovider.com
First Name: Isabella Last Name: White Username: Bella_White Email: isabella.white@example.net
First Name: Noah Last Name: Adams Username: NoahA_44 Email: noah.adams@emailservice.org
First Name: Emma Last Name: Brown Username: Emma_Brownie Email: emma.brown@example.com
First Name: Lucas Last Name: Smith Username: Lukey_Smith Email: lucas.smith@emailhost.net
First Name: Ava Last Name: Davis Username: Ava_Davis_77 Email: ava.davis@example.org
First Name: Sophia Last Name: Turner Username: SophTurn_12 Email: sophia.turner@example.com
First Name: Oliver Last Name: Wilson Username: Ollie_Wilson Email: oliver.wilson@emailhost.net
First Name: Mia Last Name: Harris Username: Mia_Harris_22 Email: mia.harris@example.org
First Name: Liam Last Name: Mitchell Username: L_Mitchell_56 Email: liam.mitchell@example.com
First Name: Harper Last Name: Davis Username: Harper_D_99 Email: harper.davis@emailservice.net
First Name: Noah Last Name: Parker Username: N_Parker_33 Email: noah.parker@example.net
First Name: Ava Last Name: Adams Username: Ava_Adams_44 Email: ava.adams@example.com
First Name: Jackson Last Name: Wilson Username: Jax_Wilson_23 Email: jackson.wilson@emailhost.net
First Name: Amelia Last Name: White Username: Amy_White_78 Email: amelia.white@example.org
First Name: Oliver Last Name: Brown Username: Ollie_Brownie Email: oliver.brown@example.com
First Name: Sophia Last Name: Garcia Username: Soph_Garcia_55 Email: sophia.garcia@emailservice.net
First Name: Lucas Last Name: Turner Username: Lukey_Turner Email: lucas.turner@example.net
First Name: Ava Last Name: Smith Username: Ava_Smith_66 Email: ava.smith@example.com
First Name: Emma Last Name: Mitchell Username: Emma_Mitch_11 Email: emma.mitchell@emailhost.net
First Name: Liam Last Name: Harris Username: L_Harris_22 Email: liam.harris@example.org
First Name: Isabella Last Name: Adams Username: BellaAdams_90 Email: isabella.adams@example.com
First Name: Noah Last Name: Turner Username: N_Turner_33 Email: noah.turner@emailservice.net
First Name: Mia Last Name: Parker Username: Mia_Parker_88 Email: mia.parker@example.net
First Name: Oliver Last Name: Davis Username: Ollie_Davis_22 Email: oliver.davis@example.com
First Name: Amelia Last Name: Brown Username: Amy_Brownie_77 Email: amelia.brown@example.org
First Name: Jackson Last Name: Smith Username: Jax_Smith_44 Email: jackson.smith@emailhost.com
